item,exercise,clothes,diet,entertainment,electronics,personalCare
"GOYOUTH 2 in 1 Under Desk Electric Treadmill Motorized Exercise Machine with Wireless Speaker, Remote Control and LED Display, Walking Jogging Machine for Home/Office Use",1,0,0,0,0,0
"Adjustable Dumbbells 55LB Single Dumbbell 5 in 1 Free Dumbbell Weights Adjust with Anti-Slip Metal Handle, Ideal for Full-Body Home Gym Workouts",1,0,0,0,0,0
"GOFITNESS Push Down Bar Machine - Chest Expander at Home Workout Equipment, Arm Exerciser Portable Spring Resistance Exercise Gym Kit for Home, Travel or Outdoors",1,0,0,0,0,0
"Cubii JR2, Under Desk Elliptical, Under Desk Bike Pedal Exerciser, Seated Elliptical, Work from Home Fitness, Mini Elliptical Machines for Home Use, Cubii Exerciser for Seniors, Desk Exercise",1,0,0,0,0,0
"Resistance Bands for Working Out- 5 Pack Loop Exercise Bands with 5 Resistance Levels- Resistance Band Set with Carry Bag- Elastic Workout Bands for Stretching- Fitness Bands for Yoga, Pilates, Rehab",1,0,0,0,0,0
"Niceday Steppers for Exercise, Stair Stepper with Resistance Bands, Mini Stepper with 300LBS Loading Capacity, Hydraulic Fitness Stepper with LCD Monitor",1,0,0,0,0,0
"RENRANRING Resistance Bands for Working Out, 150LBS Exercise Bands, Workout Bands, Resistance Bands Set with Handles for Men Women, Legs Ankle Straps for Muscle Training, Shape Body, Physical Therapy",1,0,0,0,0,0
"Adjustable Weight Bench - Utility Weight Benches for Full Body Workout, Foldable Flat/Incline/Decline Exercise Multi-Purpose Bench for Home Gym",1,0,0,0,0,0
"FitBeast Hand Grip Strengthener Workout Kit (5 Pack) Forearm Grip Adjustable Resistance Hand Gripper, Finger Exerciser, Finger Stretcher, Grip Ring & Stress Relief Grip Ball for Athletes",1,0,0,0,0,0
"Gaiam Essentials Thick Yoga Mat Fitness & Exercise Mat with Easy-Cinch Yoga Mat Carrier Strap, 72""L x 24""W x 2/5 Inch Thick",1,0,0,0,0,0
"Cubii Move, Under Desk Elliptical, Bike Pedal Exerciser, Seated Elliptical, Work from Home Fitness, Mini Elliptical Machines for Home Use, Exerciser for - Adult to Seniors, Desk Exercise",1,0,0,0,0,0
"Dripex Exercise Bike For Home With 15KG Flywheel, Magnetic Resistance, LCD Display, iPad Holder, Comfortable Seat, 330LBS Capacity Indoor Cycling Bike Stationary Bike For Home Gym Workout",1,0,0,0,0,0
"Jump Rope, Tangle-Free Rapid Speed Jumping Rope Cable with Ball Bearings for Women, Men, and Kids, Adjustable Steel Jump Rope Workout with Foam Handles for Fitness, Home Exercise & Slim Body",1,0,0,0,0,0
"Sportsroyals Power Tower Dip Station Pull Up Bar for Home Gym Strength Training Workout Equipment, 400LBS.",1,0,0,0,0,0
"OurStarry 32 Knots Weighted Workout Hoop Plus Size, Smart Waist Exercise Ring for Adults Weight Loss",1,0,0,0,0,0
"Slant Board for Calf Stretching, 5 Adjustable Angles Foot Stretcher for Physical Therapy, 480 lbs Weight Capacity Incline Board Wedge for Home Exercise, Squats and Calf Stretch(Black)",1,0,0,0,0,0
"Sunny Health & Fitness Mini Stepper for Exercise Low-Impact Stair Step Cardio Equipment with Resistance Bands, Digital Monitor, Optional Twist Motion Stepper",1,0,0,0,0,0
"NewMe Fitness Bodyweight Workout Cards, Instructional Fitness Deck for Women & Men, Beginner Fitness Guide to Training Exercises at Home or Gym (Bodyweight, Vol 1)",1,0,0,0,0,0
"Beachbody Exercise Mat, Thick Foam Mat for Jumping, Fitness, Gym or Home Workouts, Yoga, Ab workouts, Stretching, Weightlifting, Slip Resistant, High Density & Ultra Durable",1,0,0,0,0,0
"WIKDAY Resistance Bands, Pull Up Bands, Workout Bands for Exercise, Thick Heavy Resistance Band Set with Door Anchor, Elastic Bands for Body Stretching, Crossfit Training at Home/Gym for Men & Women",1,0,0,0,0,0
Negash Sauna Suit for Men Anti Torn Sweat Sauna Suit Lightweight Waterproof Men Sauna Suit for Boxing Exercise Fitness,1,0,0,0,0,0
"SPORTLIMIT Abs Stimulator, USB Rechargeable Portable Fitness Workout Equipment with 10pcs Free Gel Pads for Men Woman, The Latest Model 6 Modes, 19 Levels of Intensity, SP-710, Black blue",1,0,0,0,0,0
"Resistance Bands, Resistance Band Set, Workout Bands, Exercise Bands for Men and Women, Exercise Bands with Door Anchor, Handles",1,0,0,0,0,0
"Ab Roller Wheel, 10-In-1 Ab Exercise Wheels Kit with Resistance Bands, Knee Mat, Jump Rope, Push-Up Bar - Home Gym Equipment for Men Women Core Strength & Abdominal Exercise",1,0,0,0,0,0
"Resistance Loop Exercise Bands Exercise Bands for Home Fitness, Stretching, Strength Training, Physical Therapy,Elastic Workout Bands for Women Men Kids, Set of 5",1,0,0,0,0,0
"Amazon Basics Easy Grip Workout Dumbbell, Neoprene Coated, Various Sets and Weights available",1,0,0,0,0,0
BalanceFrom Adjustable Workout Aerobic Stepper Step Platform Trainer,1,0,0,0,0,0
"Thigh Master Thigh Exerciser for Women, Enhanced Resistance Hip and Pelvis Trainer, Inner Thigh Exercise Equipment Kegel Exercise Products for Women Home Gym",1,0,0,0,0,0
Sunny Health & Fitness Indoor Cycling Exercise Bike with Magnetic/Felt Resistance and Belt/Chain Drive Optional Bluetooth Connectivity with SunnyFit¬Æ App,1,0,0,0,0,0
"RENRANRING Resistance Bands for Working Out, Exercise Bands for Physical Therapy, Stretch, Recovery, Pilates, Rehab, Strength Training and Yoga Starter Set",1,0,0,0,0,0
"Pilates Bar Kit with Resistance Bands, WeluvFit Exercise Fitness Equipment for Women & Men, Home Gym Workouts Stainless Steel Stick Squat Yoga Pilates Flexbands Kit for Full Body Shaping",1,0,0,0,0,0
"Pilates Bar Kit with Resistance Bands(4 x Resistance Bands),3-Section Pilates Bar with Stackable Bands Workout Equipment for Legs,Hip,Waist and Arm,Exercise Fitness Equipment for Women & Men",1,0,0,0,0,0
"CHNLML 2023 New with timer Ab Abdominal Exercise Roller Elbow Support, abs roller wheel core exercise equipment, Automatic Rebound Abdominal Wheel",1,0,0,0,0,0
"pooboo Magnetic Resistance Indoor Cycling Bike, Belt Drive Indoor Exercise Bike Stationary LCD Monitor with Ipad Mount ÔºÜComfortable Seat Cushion for Home Cardio Workout Cycle Bike Training Upgraded Version",1,0,0,0,0,0
"Yoga Mat Storage Rack, Home Gym Storage Rack Yoga Mat Holder, VOPEAK Workout Storage for Yoga Mat, Foam Roller, Gym Organizer Gym Equipment Storage for Home Exercise and Fitness Gear (Metal)",1,0,0,0,0,0
Women Workout Clothes Set 5 PCS Exercise Athletic Outfits Set,1,0,0,0,0,0
"Vinsguir Ab Roller Wheel, Abs Workout Equipment for Abdominal & Core Strength Training, Exercise Wheels for Home Gym, Fitness Equipment for Core Workout with Knee Pad Accessories",1,0,0,0,0,0
"Sunny Health & Fitness Elliptical Stepping Machine, Quiet Magnetic Cross Trainer with Optional Exclusive SunnyFit App Enhanced Bluetooth Connectivity",1,0,0,0,0,0
"WIKDAY Resistance Bands for Working Out Exercise Loop Bands Workout Bands Set for Men Women Body Stretching, Crossfit Training, Home Workout, Physical Therapy, Booty Legs, Set of 5",1,0,0,0,0,0
"HOTWAVE Portable Exercise Equipment with 16 Gym Accessories.20 in 1 Push Up Board Fitness,Resistance Bands with Ab Roller Wheel,Full Body Workout at Home,Patent Pending",1,0,0,0,0,0
Sunny Health & Fitness Squat Assist Row-N-Ride‚Ñ¢ Trainer for Glutes Workout with Online Training Video,1,0,0,0,0,0
"Shoulder Pulley Over The Door Physical Therapy System, Exercise Pulley for Physical Therapy, Alleviate Shoulder Pain and Facilitate Recovery from Surgery (Blue)",1,0,0,0,0,0
"HOXWC Ankle Resistance Bands with Cuffs, Ankle Bands for Working Out, Ankle Resistance Band for Leg, Booty Workout Equipment for Kickbacks Hip Fitness Training, Exercise Bands for Butt Lift Women",1,0,0,0,0,0
Figure Trimmer Core Ab Twister Board for Exercise 12 inch Waist Twisting Disc with 8 Mangets Reflexology for Slimming and Strengthening Abdominal & Stomach Exercise Equipment,1,0,0,0,0,0
"Mini Exercise Bike, himaly Under Desk Bike Pedal Exerciser Portable Foot Cycle Arm & Leg Peddler Machine with LCD Screen Displays",1,0,0,0,0,0
"Magnetic Recumbent Exercise Bike Indoor Stationary Bike with Adjustable Cushion Seat and Resistance,Pluse Monitor,Transport Wheels and Tablet Holder for Home Use",1,0,0,0,0,0
"5 Pcs Professional Resistance Bands. Latex-Free, Elastic Band, Work Out Bands, Stretch Bands for Working Out Women or Men, Exercise Bands Set for Physical Therapy, Yoga, Pilates",1,0,0,0,0,0
Sportsroyals Stair Stepper for Exercises-Twist Stepper with Resistance Bands and 330lbs Weight Capacity,1,0,0,0,0,0
"3 Levels Booty Bands Set, Resistance Bands for Working Out, Exercise Bands for Women Legs and Butt, Yoga Starter Set",1,0,0,0,0,0
"BCAN 40/48"" Foldable Mini Trampoline Max Load 330lbs/440lbs, Fitness Rebounder with Adjustable Foam Handle, Exercise Trampoline for Adults Indoor/Garden Workout",1,0,0,0,0,0
OQQ Women's 2 Piece Yoga Leggings Ribbed Seamless Workout High Waist Athletic Pants,0,1,0,0,0,0
OQQ Women‚Äòs Yoga Jumpsuits Ribbed One Piece Workout Short Sleeve Tops Exercise Jumpsuits,0,1,0,0,0,0
"Sunzel Flare Leggings, Crossover Yoga Pants with Tummy Control, High-Waisted and Wide Leg",0,1,0,0,0,0
Kindcall Lightweight Basic Crop Tops Slim Fit Long Sleeve Workout Shirts for Women,0,1,0,0,0,0
KINLONSAIR Women‚Äôs Long Sleeve Henley T Shirts Button Down Slim Fit Tops Scoop Neck Ribbed Knit Shirts,0,1,0,0,0,0
VICHYIE Tank Tops for Women Summer Sleeveless Shirts Ribbed Slim Fitted Tops,0,1,0,0,0,0
ZOLUCKY Women's Casual Plus Size Shacket Jacket Long Sleeve Button Down Shirts Blouses Tops,0,1,0,0,0,0
Artfish Women's Square Neck Long Sleeve Ribbed Slim Fitted Casual Basic Crop Top,0,1,0,0,0,0
ODODOS Women's Crop 3-Pack Washed Seamless Rib-Knit Camisole Crop Tank Tops,0,1,0,0,0,0
ANRABESS Women Hoodies Fleece Oversized Sweatshirt Casual Basic Long Sleeve Athletic Workout Pullover Fall Clothes,0,1,0,0,0,0
Lepunuo Cargo Pants for Women High Waisted Casual Pants Baggy Stretchy Wide Leg Y2K Streetwear with 6 Pockets,0,1,0,0,0,0
Yovela Womens High Waisted Baggy Sweatpants 2023 Fall Jogger Pants Y2k Trendy Lounge Trousers with Pockets,0,1,0,0,0,0
AUTOMET Womens Casual Plaid Shacket Button Down Long Sleeve Shirt,0,1,0,0,0,0
OQQ Women's 3 Piece Tank Tops Ribbed Seamless Workout Exercise Shirts Yoga Crop Tops,0,1,0,0,0,0
Trendy Queen Womens Oversized Hoodies Fleece Sweatshirts Long Sleeve Sweaters Pullover Fall Clothes with Pocket,0,1,0,0,0,0
EFAN Womens Oversized Half Zip Pullover Long Sleeve Sweatshirt Quarter Zip Trendy Hoodie Ouffits Teen Girls Fall Y2K Clothes,0,1,0,0,0,0
FINETOO 7 Pack Womens Thongs Underwear Cotton Breathable Low Rise Hipster Panties Sexy S-XL,0,1,0,0,0,0
Lviefent Womens Lightweight Full Zip Running Track Jacket Workout Slim Fit Yoga Sportwear with Thumb Holes,0,1,0,0,0,0
AUROLA Power Workout Leggings for Women Tummy Control Squat Proof Ribbed Thick Seamless Scrunch Active Pants,0,1,0,0,0,0
TOB Women's Yoga Rompers Workout Ribbed Long Sleeve Square Neck Sport Jumpsuits Rompers,0,1,0,0,0,0
OQQ Women's 2 Piece Yoga Pants Ribbed Seamless Workout High Waist Bell Bottoms Flare Leggings,0,1,0,0,0,0
AUTOMET Womens Sweatshirts Half Zip Cropped Pullover Fleece Quarter Zipper Hoodies Fall outfits Clothes Thumb Hole,0,1,0,0,0,0
FireSwan Crossover Athletic Shorts for Women 2 in 1 Flowy Running Shorts with Pockets Spandex Butterfly Workout Tennis Skorts,0,1,0,0,0,0
OQQ Women's 3 Piece High Waist Workout Shorts Butt Lifting Tummy Control Ruched Booty Smile Yoga Short Pants,0,1,0,0,0,0
Amazon Essentials Men's Relaxed-Fit Stretch Jean,0,1,0,0,0,0
KLIEGOU Mens Hipster Hip Hop Ripped Round Hemline Pattern Print T Shirt,0,1,0,0,0,0
"Gildan Men's Crew T-Shirts, Multipack, Style G1100",0,1,0,0,0,0
"Hanes Men's EcoSmart Hoodie, Midweight Fleece Sweatshirt, Pullover Hooded Sweatshirt for Men",0,1,0,0,0,0
Wrangler Authentics Men's Long Sleeve Quilted Lined Flannel Shirt Jacket with Hood,0,1,0,0,0,0
"Hanes Men's EcoSmart Hoodie, Midweight Fleece Sweatshirt, Pullover Hooded Sweatshirt for Men",0,1,0,0,0,0
Amazon Essentials Men's Long-Sleeve Polar Fleece Shirt Jacket,0,1,0,0,0,0
YTD Mens Casual Slim Fit Basic Henley Long Sleeve Fashion T-Shirt,0,1,0,0,0,0
"Hanes Men's Boxer Briefs, Soft and Breathable Cotton Underwear with ComfortFlex Waistband, Multipack",0,1,0,0,0,0
Carhartt Men's A18 Acrylic Watch Cap,0,1,0,0,0,0
"Champion Men's Jacket, Stadium Packable Wind and Water Resistant Jacket (Reg. Or Big & Tall)",0,1,0,0,0,0
"ZENWILL Mens Tapered Workout Running Pants, Jogger Training Sweatpants Slim Fit with Zip Pockets",0,1,0,0,0,0
Mens Long and Short Sleeve Polo Shirts Pocket Casual Solid Cotton Blend Drop Cut Collared Polo Shirts for Men,0,1,0,0,0,0
Amazon Essentials Men's Long-Sleeve Soft Touch Quarter-Zip Sweater,0,1,0,0,0,0
Under Armour Men's New Freedom Flag T-Shirt,0,1,0,0,0,0
COOFANDY Men's Casual Dress Shirt Button Down Shirts Long-Sleeve Denim Work Shirt,0,1,0,0,0,0
PURE CHAMP Mens 3 Pack Fleece Active Athletic Workout Jogger Sweatpants for Men with Zipper Pocket and Drawstring Size S-3XL,0,1,0,0,0,0
Zaitun Mens Hooded Sweatshirt Long Sleeve Solid Knitted Hoodie Pullover Sweater,0,1,0,0,0,0
Nike Soccer Park III Shorts,0,1,0,0,0,0
Balaclava Ski MaskÔºåWarm and Windproof Fleece Winter Sports Cap for Men Women,0,1,0,0,0,0
"MOSOTECH 5 Pairs Warm Wool Socks for Men, Size 7-12, Thick Thermal Socks Cozy Boot Socks for Cold Winter",0,1,0,0,0,0
J.VER Men's Dress Shirts Solid Long Sleeve Stretch Wrinkle-Free Formal Shirt Business Casual Button Down Shirts,0,1,0,0,0,0
KLIEGOU Men's Fashion Hip Hop Color Block Stripe T-Shirt,0,1,0,0,0,0
HOPLYNN 4/5 Pack Men's Thermal Compression Shirts Long Sleeve Hunting Running Base Layer Gear for Winter Cold Weather,0,1,0,0,0,0
Southpole Men's 1570 Basic Active Fleece Jogger Sweatpants,0,1,0,0,0,0
GORGLITTER Men's 2 Piece Outfits Graphic Button Down Shirt and Shorts Set Summer Clothes,0,1,0,0,0,0
"SlimFast Protein Shake, Chocolate- 20g Protein, Meal Replacement Shake Ready to Drink, High Protein with Low Carb and Low Sugar, 24 Vitamins and Minerals, 12 Count (Pack of 1)",0,0,1,0,0,0
Hydroxycut Caffeine-Free Gummy for Women & Men | 15 Essential Vitamins & Minerals | Metabolism | 90 Count (Pack of 2),0,0,1,0,0,0
"ONE Protein Bars, Peanut Butter & Jelly, Gluten Free Protein Bars with 20g Protein and only 1g Sugar, Guilt-Free Snacking for High Protein Diets, 2.12 oz (12 Count)",0,0,1,0,0,0
"Night Time Weight Supplement with Melatonin to Support Sleep & Metabolism | Melatonin & L-Theanine for Women and Men | Non-GMO, Vegan Friendly Capsules",0,0,1,0,0,0
"Slimtivite Weight Loss Drops - Diet Drops for Fat Loss - Effective Appetite Suppressant & Metabolism Booster - Safe & Proven Ingredients - Non-GMO Fat Burner - Garcinia Cambogia, 2 Fl Oz",0,0,1,0,0,0
Sugar-Free Night Time Fat Burner Gummies | Sleep & Weight Loss Support | Hunger Suppressant & Metabolism Booster | Shred Belly Fat While You Sleep | Nighttime Diet Supplement for Women & Men | 60 Ct.,0,0,1,0,0,0
"Apple Cider Vinegar Capsules with The Mother - 120 Vegan ACV Pills - Best Supplement for Healthy Weight Loss, Diet, Keto, Digestion, Detox, Immune - Powerful Cleanser & Appetite Suppressant Non-GMO",0,0,1,0,0,0
"Momo & Nashi Keto Cheat Sheet Magnets Booklet - Keto Diet for Beginners & Dummies Kit - Magnetic Keto Food List Planning Tool Chart Weight Loss, Low Carb Ketogenic Meal Plan, Baking, Recipes Guide",0,0,1,0,0,0
Night Time Weight Loss Pills for Women-Carb Blocker Appetite Suppressant with Melatonin-Fat Burner Diet Pills that Work Fast for Women-Nighttime Metabolism Booster-Overnight Fat Burning Pills-1 Pack,0,0,1,0,0,0
"KetoSens Blood Ketone Monitoring Starter Kit: Ideal for Keto Diet with App. Includes 1 Meter, 10 Ketone Test Strips, 10 Lancets (30G), 1 Lancing Device & 1 Case",0,0,1,0,0,0
"Burn-XT Clinically Studied Fat Burner & Weight Loss Supplement - Appetite Suppressant & Energy Booster - Fat Burning Acetyl L-Carnitine, Green Tea Extract, & More - 60 Natural Diet Pills",0,0,1,0,0,0
"Dr. Kellyann Lemon Sips - Diet Citrus Drink Mix - Rehydrate, Detox, Revitalize - Sugar Free, Fat Free, Non GMO, Reduces Cellulite, Hydrates and Firms Skin, Protects From UV, 3.3 oz (21 servings)",0,0,1,0,0,0
Naturewise Garcinia Cambogia (1 Month Supply) Pure Garcinia Cambogia 100% HCA Extract Concentrated to 60% for Weight Management (90 Capsules),0,0,1,0,0,0
GNC Total Lean | Lean Shake + Slimvance | Weight Loss Protein Powder with 200mg of Caffeine | Mocha Espresso | 20 Servings,0,0,1,0,0,0
"Appetite Suppressant for Women - Weight Loss Pills for Bloating Relief & Carb Blocker, Thermogenic Belly Fat Burner w/Chromium Caffeine Glucomannan - Diet Pills Work Fast for Women, 2-Pack",0,0,1,0,0,0
(2 Pack) Night Time Weight Loss Pills for Women Belly Fat Burner for Women - Diet Pills That Work Fast For Women - Diet Pills for Women - Carb Blocker Appetite Suppressant Supplement - Made in USA,0,0,1,0,0,0
"3-Day Cleanse by R's KOSO - Japanese Enzyme Drink rich in Probiotics and Prebiotic, made from 100+ vegetables ÔºÜ Fruits - Natural Support for Better Digestion & Gut health + Detox + Cleanse - 16oz",0,0,1,0,0,0
"Appetite Suppressant for Weight Loss, Hunger Suppressant - Diet Pills That Work Fast for Women and Men - Garcinia Cambogia, Glucomannan, White Kidney Bean Carb Blocker and Fat Burner - 60 Veggie Caps",0,0,1,0,0,0
"Lipton Diet Green Tea with Citrus, 16.9 Fl Oz (Pack of 12)",0,0,1,0,0,0
stripfast5000 Fire Bullets with K-CYTRO for Women and Men,0,0,1,0,0,0
"Hill's Pet Nutrition Science Diet Dry Dog Food, Adult, Chicken & Barley Recipe, 35 lb. Bag",0,0,1,0,0,0
powercut MLT-97 for Women and Men,0,0,1,0,0,0
"The Plug Liver Cleanse Detox & Repair Drink, 12-Pack - All-Natural Plant-Based Electrolyte Recovery & Liquid Hydration Pack - Fatty Liver Renew & Liver Health Complex - Liver Support Supplement",0,0,1,0,0,0
"PhenAprin Diet Pills Weight Loss and Energy Boost for Metabolism ‚Äì Optimal Fat Burner and Appetite Suppressant Supplement. Helps Maintain and Control Appetite, Promotes Mood & Brain Function.",0,0,1,0,0,0
Osmo Power Fuel | Cluster Dextrin Carbohydrate Mix | Rapid Fuel for Endurance Athletes | No GI Distress | Neutral Flavor |16 Servings,0,0,1,0,0,0
"Lean Body Ready-to-Drink Chocolate Protein Shake, 40g Protein, Whey Blend, 0 Sugar, Gluten Free, 22 Vitamins & Minerals, LABRADA, 17 Fl Oz (Pack of 12)",0,0,1,0,0,0
Herbtonics Apple Cider Vinegar Capsules with The Mother Plus Keto BHB - for Women & Men - Energy & Focus - 240 Vegan Pills,0,0,1,0,0,0
Fluker's Orange Cube Complete Cricket Diet 12 Ounce (Pack of 1),0,0,1,0,0,0
"Isopure Chocolate Vegan Protein Powder, with Monk Fruit Sweetener & Amino Acids, Post Workout Recovery, Sugar Free, Plant Based, Organic Pea Protein, Dairy Free, 20 Servings (Packaging May Vary)",0,0,1,0,0,0
"OWYN Pro Elite Vegan Plant-Based High Protein Shake, Vanilla, 12 Pack, 32g Protein, Amino Acids, Prebiotics, Omega-3, Superfood Greens, Workout and Recovery, 0g Net Carbs, Zero Sugar, Keto",0,0,1,0,0,0
Glory Will Inc Weight Loss Drops Natural Detox Made in USA - Diet Drops for Fat Loss - Effective Appetite Suppressant & Metabolism Booster - 2 Fl Oz,0,0,1,0,0,0
"Fridge Pack Cans Soda, 7.5 Fl Oz, 20 Cans (Diet Coke)",0,0,1,0,0,0
"SkinnyFit Skinny Gummies Apple Cider Vinegar Gummies w/ The Mother, Healthy Weight, Immune Support, Vitamin B9, B12, Beetroot, Pomegranate, Vegan-Friendly, 60 Count",0,0,1,0,0,0
"Muscle Feast Grass-Fed Whey Protein Isolate, All Natural Hormone Free Pasture Raised, Vanilla, 5lb (94 Servings)",0,0,1,0,0,0
"Truvani Organic Vegan Protein Powder Chocolate Peanut Butter - 20g of Plant Based Protein, Organic Protein Powder, Pea Protein for Women and Men, Vegan, Non GMO, Gluten Free, Dairy Free (20 Servings)",0,0,1,0,0,0
XTEND Original BCAA Powder Blue Raspberry Ice | Sugar Free Post Workout Muscle Recovery Drink with Amino Acids | 7g BCAAs for Men & Women | 90 Servings,0,0,1,0,0,0
"Enzymedica Lacto, Maximum Strength Formula for Dairy Intolerance, With Enzymes Lactase and Protease, Relieves Digestive Discomfort, 30 capsules (30 servings)",0,0,1,0,0,0
"MegaFood Women's 40+ Advanced Multivitamin for Women - Dr Formulated - Vitamin B, Vitamin D3, Vitamin K2 & Choline - Energy Metabolism, Brain Health & Bone Health - Vegetarian - 120 Tabs (60 servings)",0,0,1,0,0,0
"Natural Fulvic and Humic Trace Mineral Drops with Zinc, Magnesium & More. Liquid Electrolytes Improves Gut Health, Energy, Keto Diets. Add to Coffee, Tea, Smoothie. Make Water Alkaline, 2 Pack",0,0,1,0,0,0
"Belly Fat Burner for Women - Lose Stomach Fat, Reduce Bloating, & Avoid Hormonal Weight Gain - Supports Menopause, PMS, & other Hormone Balance Issues - Keto Diet Safe Weight Loss Supplement - 90 Ct",0,0,1,0,0,0
PHEN CAPS 37.5 ¬Æ for Women - Weight Loss Pills for Women - Appetite Suppressant - Thermogenic Fat Burner Supplement - Energy Pills - Carbohydrate Blocker - Metabolism Booster - Keto Diet Friendly,0,0,1,0,0,0
"Bruno MD6 Blood Ketone & Glucose Monitoring System | Track Your Ketones & Ketogenic Diet Progress | Ketosis Test Kit with Lancing Device, 10 Keto Strips + 50 Lancets",0,0,1,0,0,0
"SkinnyFit Skinny Greens, Green Juice Superfood Powder, Green Apple Flavor, Natural Energy & Focus, Spirulina, Chlorella, 30 Servings",0,0,1,0,0,0
Elite Caffeine with L-Theanine ‚Äì Jitter-Free Focused Energy Pills ‚Äì Natural Nootropic Stack for Smart Cognitive Performance ‚Äì 120 Soft Capsules,0,0,1,0,0,0
"GOGO Fiber Gummies for Adults, 60 Count (Pack of 1) - Prebiotic Chicory Root Inulin Fiber Supplement - Daily Gummy Fiber for Digestive Gut Health - Non-GMO, Vegan & Cruelty-Free",0,0,1,0,0,0
"Physician's CHOICE Probiotics 60 Billion CFU - 10 Strains + Organic Prebiotics - Digestive & Gut Health - Supports Occasional Constipation, Diarrhea, Gas & Bloating - Probiotics For Women & Men - 30ct",0,0,1,0,0,0
"VITALBEAUTIE Metagreen (Slim, 90 Tablets (30 Days)) - Green Tea Extract (ECGC) for Healthy Physique and Wellness by AMOREPACIFIC. Catechins 300mg, Vitamin C, Vegan Supplement.",0,0,1,0,0,0
"Keto Diet Pills Plus Apple Cider Vinegar - Exogenous Ketones Supplement for women men - Utilize Fat for Energy with Ketosis Boost Energy & Focus, Manage Cravings, Metabolism Support -180caps",0,0,1,0,0,0
"Gatorade Endurance Formula Powder, Watermelon, 32 Ounce",0,0,1,0,0,0
"Optimum Nutrition Gold Standard 100% Whey Protein Powder, Double Rich Chocolate, 5 Pound",0,0,1,0,0,0
"Bestier LED Entertainment Center with Power Outlets Gaming TV Stand for TV up to 65 Inch 55‚Äù TV Game Console for Living Room Bedroom Removable Drawer 20 Dynamic RGB Modes, Carbon Fiber Black",0,0,0,1,0,0
"Entrintou Modern LED TV Stand for 55 inch TV with Shelves and Large Storage, Rustic Entertainment Center, Corner Small Television Stand, Black Table Top Gaming Glossy TV Stand for Living Room, Bedroom",0,0,0,1,0,0
"Rolanstar TV Stand with Power Outlet & LED Lights, Modern Entertainment Center for 32/43/50/55/65 Inchs TVs, TV Table, Universal Gaming LED TV Media stand with Storage Cabinet and Large Storage, Black",0,0,0,1,0,0
"OKD Farmhouse TV Stand for 65+ Inch TV, 33"" Tall Highboy Entertainment Center w/Sliding Barn Door, Rustic Media Console w/Storage Shelves, Wood Television Stand for Living Room, Antique White",0,0,0,1,0,0
"Rolanstar TV Stand with Led Lights & Power Outlets for 32/40/45/55/60/65/70 inch TVs, Entertainment Center with Open Storage, TV Table, 3-Tier Television Stands for Living Room, Black",0,0,0,1,0,0
Original NES System by Nintendo (Renewed),0,0,0,1,0,0
"Double Din Car Stereo Compatible with Apple Carplay, 7 Inch Full HD Capacitive Touchscreen - Bluetooth, Mirror Link, Backup Camera, Steering Wheel, Subwoofer, USB/SD Port, A/V Input, FM/AM Car Radio",0,0,0,1,0,0
WHAT DO YOU MEME? Bigger Better Edition - Adult Card Games for Game Night,0,0,0,1,0,0
Sony Computer Entertainment Playstation 3 12GB System (Renewed),0,0,0,1,0,0
"Naomi Home Bliss Modern Freestanding Wall Mounted Entertainment Center Floating TV Wall Panel for 75 inch TVs, Home Theater with LED Strip, Pull-Out Drawers and Overhead Shelf ‚Äì Black, Solid Pine Wood",0,0,0,1,0,0
"OKD TV Stand for 65+ Inch TV, 32'' Tall Highboy Entertainment Center with Natural Rattan Door, Mid Century Modern Media TV Console, Boho Television Stand, Oak",0,0,0,1,0,0
Things We Never Got Over (Knockemout Book 1) Kindle Edition,0,0,0,1,0,0
Hemlock ,0,0,0,1,0,0
A Flicker in the Dark: A Novel Audible Logo Audible Audiobook ‚Äì Unabridged,0,0,0,1,0,0
"All the Light We Cannot See: A Novel Paperback ‚Äì April 4, 2017",0,0,0,1,0,0
Herd Mentality: The Udderly Hilarious Board Game | Fun for The Whole Family,0,0,0,1,0,0
Plunder | Board Games for Adults and Kids | Strategy Games | Fun Family Night | Ages 10 and Up | 2 to 6 Players,0,0,0,1,0,0
Ticket to Ride Board Game | Family Board Game | Board Game for Adults and Family | Train Game | Ages 8+ | For 2 to 5 players | Average Playtime 30-60 minutes | Made by Days of Wonder,0,0,0,1,0,0
"Glintoper Tic Tac Toe & 4 in a Row Tables Game Set, Classic Board Line Up 4 Game for Living Room Rustic Table Decor and Use as Game Top Wood Guest Room Decor Strategy Board Games for Families",0,0,0,1,0,0
"Big Potato Chicken vs Hotdog: The Ultimate Challenge Party Game for Kids, Teens, Adults and Flipping-Fun Families",0,0,0,1,0,0
"The Ultimate Date Night Game for Couples: Would You Rather? Questions for Fun Times and Deeper Conversation (Card Games for Couples) Cards ‚Äì May 30, 2023",0,0,0,1,0,0
"Sounds Fishy: The Bluffing Family Board Game for Kids 10+ and Adults ‚Äî Best New Family Quiz Games, Trivia Games for Groups of People‚Ä¶",0,0,0,1,0,0
100 Family Conversation Cards - Developed by a Licensed Therapist - Fun Family Games for Kids & Adults - Get to Know Each Other Better & Strengthen Relationships for Family Game Night or Road Trips,0,0,0,1,0,0
Meta Quest 3 128GB‚Äî Breakthrough Mixed Reality ‚Äî Powerful Performance ‚Äî Asgard‚Äôs Wrath 2 Bundle,0,0,0,1,0,0
"PlayStation 5 Gaming Guide (Black & White): Overview of the best PS5 video games, hardware and accessories (Good Game Guides) Paperback ‚Äì October 24, 2020",0,0,0,1,0,0
"Stray : COMPLETE GUIDE: Everything You Need To Know About Stray Game; A Detailed Guide Paperback ‚Äì August 1, 2022",0,0,0,1,0,0
"Hogwarts Legacy: The Official Game Guide (Companion Book) Paperback ‚Äì March 7, 2023",0,0,0,1,0,0
Marvel's Spider-Man: Hostile Takeover Audible Logo Audible Audiobook ‚Äì Unabridged,0,0,0,1,0,0
"Roblox Top Adventure Games Hardcover ‚Äì October 30, 2018",0,0,0,1,0,0
"Horizon Forbidden West Official Strategy Guide Hardcover ‚Äì June 15, 2022",0,0,0,1,0,0
"Marvel's Spider-Man: Miles Morales The Art of the Game Hardcover ‚Äì February 23, 2021",0,0,0,1,0,0
"PS5 Stand and Cooling Station with Dual Controller Charging Station for Playstation 5 Console, PS5 Accessories Incl. Controller Charger, Cooling fan, Headset holder, 3 USB Hub, Media Slot, Screw White",0,0,0,1,0,0
"NexiGo PS5 DualSense Controller Charger Special Edition, Wireless Controller Charging Station with Dual USB C Ports, Dual USB Fast Charging Dock for Sony Playstation 5 Dualsense Controller",0,0,0,1,0,0
"PS5 Controller Charger Station with Fast Charging AC Adapter 5V/3A, Dual Controller Charging Stand for Playstation 5, Docking Station Replacement for DualSense Charging Station",0,0,0,1,0,0
"School Zone - Go Fish Alphabet Game Cards - Ages 4 and Up, Preschool to First Grade, Uppercase and Lowercase Letters, ABCs, Word-Picture Recognition, Animals, Card Game, Matching, and More Mass Market Paperback ‚Äì April 24, 2019",0,0,0,1,0,0
"The Walt Disney Film Archives. The Animated Movies 1921‚Äì1968. 40th Ed. Hardcover ‚Äì Illustrated, November 19, 2020",0,0,0,1,0,0
"Disney Villains Tarot Deck and Guidebook | Movie Tarot Deck | Pop Culture Tarot Cards ‚Äì November 9, 2021",0,0,0,1,0,0
"Disney Frozen 2 Movie Theater Storybook & Movie Projector Hardcover ‚Äì Illustrated, October 4, 2019",0,0,0,1,0,0
"Disney Wish Little Golden Book Hardcover ‚Äì Picture Book, October 10, 2023",0,0,0,1,0,0
"Disney Pixar Cars 3 - Lightning McQueen and Friends Little Sound Book - Play-a-Sound - PI Kids Board book ‚Äì Sound Book, May 2, 2017",0,0,0,1,0,0
"Disney/Pixar Elemental Little Golden Book (Disney/Pixar Elemental) Hardcover ‚Äì Picture Book, May 2, 2023",0,0,0,1,0,0
"La Muci Baroque Gold Foil Tarot Deck Cards with Guide Book for Beginners - 78 Original Tarot Deck Set, The Fool Gold Foil Tarot Deck with Gilded Edges, Golden Thread Tarot Cards with Unique Artwork",0,0,0,1,0,0
Boruto: Naruto Next Generations - The Funato War,0,0,0,1,0,0
The Office: The Complete Series,0,0,0,1,0,0
"Gskyer Telescope, 70mm Aperture 400mm AZ Mount Astronomical Refracting Telescope for Kids Beginners - Travel Telescope with Carry Bag, Phone Adapter and Wireless Remote",0,0,0,1,0,0
"HEIYING Switch Charging Dock for Nintendo Switch/Switch Lite/Switch OLED, Type C Port Switch Charger Stand Station with Classic Colors Neon Blue & Neon Red.",0,0,0,1,0,0
Mr. Robot: The Complete Series [Blu-ray],0,0,0,1,0,0
"Samsung BD-F5700 Blu-ray DVD Disc Player with Built-in Wi-Fi Internet Connection, 1080p and Full HD Upconversion, Plays Blu-ray Discs, DVDs and CDs, Plus High Speed HDMI Cable (Renewed)",0,0,0,1,0,0
"Exploding Kittens Party - Easy Family-Friendly Party Games - Card Games for Adults, Teens & Kids - 2-10 Players",0,0,0,1,0,0
USAOPOLY TAPPLE¬Æ Word Game | Fast-Paced Family Board Game | Choose a Category & Race Against The Timer to be The Last Player | Learning Game Great for All Ages,0,0,0,1,0,0
"All-new Amazon Fire TV Stick 4K streaming device, includes support for Wi-Fi 6, Dolby Vision/Atmos, free & live TV",0,0,0,0,1,0
PhoneSoap 3 UV Cell Phone Sanitizer & Dual Universal Cell Phone Charger Box | Patented & Clinically Proven 360-Degree UV-C Light Sanitizer | Disinfects and Charges All Phones (Black),0,0,0,0,1,0
"Mitesbony iPhone Fast Charger 10 FT [Apple MFi Certified] 2 Pack PD 20W USB C Charger Block with 10FT Long Type C Lightning Cable for iPhone 14 13 12 11 XS XR X 8 iPad,White",0,0,0,0,1,0
"MIPREZT Rechargeable Green Laser Pointer high Power, Long Range Laser Beam Pen, Strong Laser Pointer for TV LED LCD Screen, Green Laser Light for Dogs Cats Outdoor Hunting Meeting Teaching-Black",0,0,0,0,1,0
"Anker 321 MagGo Battery (PowerCore Magnetic 5K), 5,000mAh Magnetic Wireless Portable Charger, Compatible with iPhone 15/15 Plus/15 Pro/15 Pro Max, iPhone 14/13/12 SeriesÔºàBlackÔºâ",0,0,0,0,1,0
"Apple AirPods (3rd Generation) Wireless Ear Buds, Bluetooth Headphones, Personalized Spatial Audio, Sweat and Water Resistant, Lightning Charging Case Included, Up to 30 Hours of Battery Life",0,0,0,0,1,0
"Wireless Charger, 3 in 1 Wireless Charging Station, Fast Wireless Charger Stand for iPhone 15 14 13 12 11 Pro Max XR XS 8 Plus, for Apple Watch 8 7 6 5 4 3 2 SE,for AirPods Pro 3 2 (Black)",0,0,0,0,1,0
"Beats Studio Buds ‚Äì True Wireless Noise Cancelling Earbuds ‚Äì Compatible with Apple & Android, Built-in Microphone, IPX4 Rating, Sweat Resistant Earphones, Class 1 Bluetooth Headphones - White",0,0,0,0,1,0
"OLsky Massage Gun Deep Tissue, Handheld Electric Muscle Back Massager, High Intensity Percussion Massagers Device for Pain Relief with 10 Attachments & 30 Speed(Grey)",0,0,0,0,1,0
"All-new Echo Show 5 (3rd Gen, 2023 release) | Smart display and alarm clock with clearer sound | Glacier White",0,0,0,0,1,0
"Hasbro Gaming Bop It! Extreme Electronic Game for 1 or More Players, Fun Party Interactive Game for Kids Ages 8+, 4 Modes Including One-On-One Mode",0,0,0,0,1,0
"All-new Echo Show 5 (3rd Gen, 2023 release) | Smart display and alarm clock with clearer sound | Glacier White",0,0,0,0,1,0
"3 Channel Dash Cam Front and Rear Inside, 4K Full HD 170 Deg Wide Angle Dashboard Camera with 32GB SD Card,2.0 inch IPS Screen,Built in IR Night Vision,G-Sensor,Loop Recording,24H Parking Recording",0,0,0,0,1,0
"SAMSUNG SSD T7 Portable External Solid State Drive 2TB, USB 3.2 Gen 2, Reliable Storage for Gaming, Students, Professionals, MU-PC2T0T/AM, Gray",0,0,0,0,1,0
"Rodcirant 20x25 Compact Binoculars for Adults and Kids, Waterproof Binocular with Low Light Vision, Easy Focus Binoculars for Bird Watching",0,0,0,0,1,0
My Arcade Retroplay Controller 200 Built-in Video Games - Electronic Games,0,0,0,0,1,0
Apple AirTag,0,0,0,0,1,0
"HAPPRUN Projector, Native 1080P Bluetooth Projector with 100''Screen, 9500L Portable Outdoor Movie Projector Compatible with Smartphone, HDMI,USB,AV,Fire Stick, PS5",0,0,0,0,1,0
"Wireless Portable Charger 30,800mAh 15W Wireless Charging 25W PD QC4.0 Fast Charging Smart LED Display USB-C Power Bank, 4 Output & 2 Input External Battery Pack Compatible with iPhone, Samsung etc",0,0,0,0,1,0
"Taegila Small Portable Charger iPhone 5000mAh with Built in Cable, MFi Certified Compact Power Bank with LCD Display & LED Light for All iPhone Series 14/13/12/11/XR/X/SE/8/7/6 Pro Max(Black)",0,0,0,0,1,0
Cleaner Kit for Airpods Pro 1 2 3 Multi-Function Cleaning Pen with Soft Brush Flocking Sponge for Bluetooth Earphones Case Cleaning Tools White,0,0,0,0,1,0
"iPhone Charger Super Fast Charging [Apple MFi Certified] iPad Charger 20W PD USB C Wall Charger 2-Pack 6FT Fast Charging Cable Compatible with iPhone14/14 Pro Max/13/13Pro/12/12 Pro/11/11Pro/XS,iPad",0,0,0,0,1,0
"Perytong Sleep Headphones Wireless, Bluetooth Sports Headband Headphones with Ultra-Thin HD Stereo Speakers, unisex, Perfect for Sleeping,Workout,Jogging,Yoga,Insomnia, Air Travel, Meditation",0,0,0,0,1,0
"DGLK The Portable Neck Fan From Popular Earphone Design,The Leafless Neck Fan Perfect For Personal Fan,with Features,Battery Powered Fan, Suitable For Outdoor Sports",0,0,0,0,1,0
"MUSICOZY Sleep Headphones Bluetooth 5.2 Headband Sleeping Headphones Sleep Eye Mask, Wireless Music Earbuds Earphones for Side Sleepers Men Women Air Travel Cool Tech Gadgets Unique Gifts",0,0,0,0,1,0
"Heygelo S90 Drone with Camera for Adults, 1080P HD Mini FPV Drones for Kids Beginners, Foldable RC Quadcopter Toys Gifts for Boys Girls with Altitude Hold, Voice/Gesture Control, 3 Speeds, 2 Batteries",0,0,0,0,1,0
"Echo | With premium sound, smart home hub, and Alexa | Charcoal",0,0,0,0,1,0
"Compressed Air Duster - 3 Gear Adjustable 80000RPM Electric Air Duster, Cordless Air Blower with LED Light for Computer Keyboard Car Electric Devices Cleaning",0,0,0,0,1,0
Thule Subterra PowerShuttle Electronics Carrying Case,0,0,0,0,1,0
"Mini Portable Charger Power Bank for iPhone,5200mAh Portable Phone Charger, Ultra-Compact PD Fast Charging Battery Pack Compatible with iPhone 14/14 Plus/Pro Max/13/12/12 Mini/11/XS/XR/X/8/7/6/6s",0,0,0,0,1,0
"samtechT Smart Lock, Keyless Entry Door Lock, Fingerprint Door Lock, Smart Door Lock with Handle, Digital Door Lock, Smart Lock for Front Door, Bluetooth Electronic Door Lock (Powered by Sifely)",0,0,0,0,1,0
"Compressed Air Duster & Mini Vacuum Keyboard Cleaner 3-in-1, New Generation Canned Air Spray, Portable Electric Air Can, Cordless Blower Computer Cleaning Kit",0,0,0,0,1,0
"CronusZen for Nintendo, Playstation, Playstation 3, Playstation 4, Switch, Xbox, Xbox 360 (Electronic Games)",0,0,0,0,1,0
"Feeke Solar-Charger-Power-Bank - 36800mAh Portable Charger,QC3.0 Fast Charger Dual USB Port Built-in Led Flashlight and Compass for All Cell Phone and Electronic Devices(Deep Orange)",0,0,0,0,1,0
"Introducing Amazon Fire Max 11 tablet, our most powerful tablet yet, vivid 11"" display, octa-core processor, 4 GB RAM, 14-hour battery life, 64 GB, Gray",0,0,0,0,1,0
"Introducing Amazon Fire Max 11 tablet, our most powerful tablet yet, vivid 11"" display, octa-core processor, 4 GB RAM, 14-hour battery life, 64 GB, Gray",0,0,0,0,1,0
JARGOU 3 in 1 Wireless Charging Station Wireless Charger for iPhone 15 14 13 12 11 Pro Max/X/8 Charging Station for Multiple Devices for Apple Watch for AirPods 2/3/Pro/Pro 2,0,0,0,0,1,0
"Dash Cam 2K, KAWA WiFi Dash Camera for Cars 1440P with Hand-Free Voice Control, Night Vision, Mini Hidden Dashcam Front, Emergency Lock, Loop Recording, 24-Hour Parking Monitor, APP, Support 256GB Max",0,0,0,0,1,0
Bluetooth Headphones Wireless Earbuds 80hrs Playtime Wireless Charging Case Digital Display Sports Ear buds with Earhook Waterproof Over-Ear Earphones for TV Phone Laptop Contrast Color (Pearl Gray),0,0,0,0,1,0
"Wireless Charger 3 in 1,ùêÄùê•ùêÆùê¶ùê¢ùêßùêÆùê¶ ùêÄùê•ùê•ùê®ùê≤ Wireless Charging Station 18W Fast Charging for iPhone 15/14/13/12/11/Pro/Max/XS/XR/X/8, iWatch8/7/6/5/4/3/2/SE, Airpods Pro/3/2/1(Gray)",0,0,0,0,1,0
"Outlet Extender with Night Light, Multi Plug Outlet, USB Wall Charger Surge Protector 4 USB Charging Port(1USB C), Power Strip Electrical Outlet Splitter Expander for Home Office Dorm Room ETL Listed",0,0,0,0,1,0
TEEHO TE002 Fingerprint Door Lock - Keyless Entry Door Lock with Keypad - Electronic Deadbolt Keyed Entry - Front Door Lock - Combination Door Lock - Easy Installation - Matte Black,0,0,0,0,1,0
"Mini Projector, VISSPL Full HD 1080P Video Projector, Portable Outdoor Projector with Tripod, Kids Gift, Home Theater Movie Phone Projector Compatible with Android/iOS/Windows/TV Stick/HDMI/USB",0,0,0,0,1,0
"Mini Projector 9000 Lux 210"" Projector 1080P Supported Display with 52000 Hrs LED Movie Projector Compatible with Phone Computer Laptop USB HDMI VGA-Home Office Outdoor Entertainment",0,0,0,0,1,0
"Electronic Drum Set - YUOIOYU Electric Drum Set Roll Up Potable Drum Kit MIDI Practice Drum Pad with Dual Built-in Speaker, Drum Sticks and Pedals,Christmas Birthday Gift for Kids Adult",0,0,0,0,1,0
High Pressure Shower Head - Powerful Deluxe Bathroom Showerhead with Strong Spray Stream and Small Silicone Nozzles - Universal Fit Works with High and Low Water Flow Showers Matte Charcoal -1.8 GPM,0,0,0,0,1,0
"Beam Electronics Car Phone Holder Mount, Phone Car Air Vent Mount Holder Cradle Compatible for iPhone 12 11 Pro Max XS XS XR X 8+ 7+ SE 6s 6+ 5s 4 Samsung Galaxy S4-S10 LG Nexus Nokia",0,0,0,0,1,0
"3 in 1 Charging Station for Apple Devices, Mag - Safe Charger Stand,18W Fast Magnetic Charger Wireless Compatible for iPhone 15 14 13 12 Pro/Max/Plus/Mini,AirPods Pro/3/2,iWatch 9/8/7/6/SE/5/4/3/2",0,0,0,0,1,0
"Telescopes for Adults, 70mm Aperture and 700mm Focal Length Professional Astronomy Refractor Telescope for Kids and Beginners - with EQ Mount, 2 Plossl Eyepieces and Smartphone Adapter",0,0,0,0,1,0
Walker's Razor Quad Electronic Muffs- 4 Mic 360 Degree Sound Capture,0,0,0,0,1,0
"IMAGE Skincare, Prevention+ Daily Ultimate Protection Moisturizer SPF 50, Zinc Oxide Face Sunscreen Lotion with Sheer Finish, 3.2 oz",0,0,0,0,0,1
"PRIORI Skincare Gentle Face Cleanser with Lactic Acid, Vitamins A, C, E Intense Hydration Light Exfoliation Women and Men All Skin Types Fragrance Free Dermatologist Tested 6 fl oz",0,0,0,0,0,1
"Ulike Laser Hair Removal for Women and Men, Air+ IPL Hair Removal Device with Sapphire Ice-Cooling Technology for Nearly Painless Result, Safe&Long-Lasting for Reducing in Hair Growth for Body & Face",0,0,0,0,0,1
Manicure Set Personal Care Nail Clipper Kit Manicure 8 In 1 Professional Pedicure Set Mens Accessories Personal Care Set Grooming Kit Fathers Gift for Men Husband Boyfriend Parent,0,0,0,0,0,1
"Revision Skincare Brightening Facial Wash, Brightens skin with radiant-boosting Vitamin C, Exfoliates dead surface cells for softer, smoother skin, Combines with Vitamin E, 6.7 Fl Oz",0,0,0,0,0,1
"Skin Whitening Cream Lightening Serum for Intimate Areas and Bikini Area, Vitamin C Dark Spot Remover Corrector for Neck, Armpit, Underarm, Elbow, Inner Thigh and Knees (1.8 FL.Oz)",0,0,0,0,0,1
Retinol Eye Cream for Dark Circle and Puffiness: Peptide Anti-Aging Under Eye Treatment Reduce Wrinkles & Bags - Pro-Retinol Pro-Xylane Collagen for Fine Lines & Depuffer in 4 Weeks Day & Night - 25ML,0,0,0,0,0,1
"Purple Toothpaste for Teeth Whitening,Teeth Whitening Booster,Tooth Stain Removal,Teeth Whitener,Purple Whitening Toothpaste",0,0,0,0,0,1
"CeraVe SA Cleanser | Salicylic Acid Cleanser with Hyaluronic Acid, Niacinamide & Ceramides| BHA Exfoliant for Face | Fragrance Free Non-Comedogenic | 8 Ounce",0,0,0,0,0,1
"Crest 3D White Professional Effects Whitestrips Teeth Whitening Strips Kit, 40 Strips (20 Count Pack)",0,0,0,0,0,1
Ourmed Life Disposable Face Towel | 100 Count Lint-Free Biodegradable Clean Towels | Dry Makeup Remover Wipes | Super Soft & Thick for Sensitive Skin | 10-Inch X 12-Inch Extra Large Size | Pack of 2,0,0,0,0,0,1
"Strawberry Lip Mask, Bee Balm Lip Balm Honey Pot, Hydrating Prevention Dry and Cracked Lip Scrubs Exfoliator & Moisturizer, Lip Sleeping Mask Reduces Lip Wrinkle Skin Care Balm (1PCS Strawbeery)",0,0,0,0,0,1
"Dove Men+Care Ultra Hydra Cream, Face, Hands and Body care, All Skin Types, 6 Pack of 2.53 Oz Each",0,0,0,0,0,1
"Oral-B CrossAction All In One Soft Toothbrushes, Deep Plaque Removal, 6 Count",0,0,0,0,0,1
"Finishing Touch Flawless Women's Painless Hair Remover , White/Rose Gold",0,0,0,0,0,1
"Peri Bottle for Postpartum & Perineal Care,Portable Travel Bidet for Personal Hygiene Cleaning,16.9 OZ (1Green)",0,0,0,0,0,1
"Under Eye Patches (72 Pairs) Under Eye Patches for Dark Circles and Puffiness, Under Eye Patches for Under Eye Bags, 24K Gold Eye Mask, Under Eye Mask for Adults, Eye Patches for Puffy Eyes",0,0,0,0,0,1
"Cordless Water Flosser Teeth Cleaner, Nicefeel 300ML 2 Tip Cases Portable and USB Rechargeable Oral Irrigator for Travel, IPX7 Waterproof, 3-Mode Water Flossing with 4 Jet Tips for Home Blue",0,0,0,0,0,1
"Amazon Basics Women's Multipurpose Exfoliating Dermaplaning Tool, Eyebrow Razor, and Facial Razor, Includes Blade Cover, Multicolor, 3 Count",0,0,0,0,0,1
"City Beauty Ultra-Firming Dry Oil - Neck & D√©colletage Treatment - Hydrate & Lift - Solution for Crepey Skin, Sagging, & Wrinkles - Non-Greasy Formula - Anti-Aging Cruelty-Free Skin Care",0,0,0,0,0,1
"Under Eye Patches (32 Pairs), Collagen Eye Patches for Puffy Eyes and Dark Circles, Anti-Aging Under Eye Mask for Eye Bags and Wrinkles, Hydrating Eye Gel Pads",0,0,0,0,0,1
"Bikini Area Exfoliator, Exfoliating Scrub for Bikini Area, Ingrown Hair Treatment for Bikini Area, Razor Bump Treatment for Bikini Area, Sugar Scrub for Bikini Area, Shaving Exfoliator Scrub for Women",0,0,0,0,0,1
"Purple Toothpaste for Teeth whitening,Purple Toothpaste,Purple Teeth Whitening,Tooth Stain Removal",0,0,0,0,0,1
"Schick Hydro Silk Sugar Wax Roller for Body + Pubic, Roll On Body Wax Kit, Soft , Hair Removal Wax, Bikini Line Hair Removal",0,0,0,0,0,1
"Under Eye Patches-30 Pairs Green Tea Eye Mask Skin Care Products-Eye Masks Skincare for Dark Circles and Puffiness,Reduce Wrinkles,Eye Bags and Fine Lines, or Women and Man,with Hair Clips",0,0,0,0,0,1
"Schick Intuition Refill, Razors for Women Sensitive Skin | Intuition Razor Blades Refill with Organic Aloe, Razor Refills , 6 Count (Pack of 1)",0,0,0,0,0,1
"Disemot Jade Roller & Gua Sha Facial Tools, Natural Anti-Aging Jade Beauty Skin-Care Tool Face Roller to Rejuvenate Facial Skin Cooling, Slimming & Firming, Great as Stocking Stuffe",0,0,0,0,0,1
"LFOYOU Vanity Makeup Mirror with Natural Bamboo Stand, 1X/3X Magnification Double Sided 360 Degree Swivel Magnifying Mirror, 8 Inch Portable Table Desk Counter top Mirror Bathroom Shaving Mirror",0,0,0,0,0,1
Trojan Bareskin Premium Thin Lubricated Condoms - 10 Count,0,0,0,0,0,1
"KINPUR ORGANIC COSMETICS Under Eye Patches for Puffy Eyes - Hyaluronic Acid and Collagen - Under Eye Mask for Eye Bags, Dark Circles, Fine Lines - Deep Skin Moisturizing - 30 Pairs, American Quality",0,0,0,0,0,1
"Birthday Gifts for Women, Relaxing Spa Gift Basket, Happy Birthday Gifts for Women Who Have Everything, Christmas Gifts for Mom Sister Best Friend Wife Girlfriend Coworker",0,0,0,0,0,1
"Chapie OG | Vacuum Insulated Lip Balm Keychain Holder, Prevents Messes & Melting | 3-Pack (Bubble Gum)",0,0,0,0,0,1
"Colgate Total Pro-Shield Alcohol Free Mouthwash, Peppermint - 500mL, 16.9 fluid ounce",0,0,0,0,0,1
"e.l.f. Lip Exfoliator, Moisturizing Scented Lip Scrub For Exfoliating & Smoothing Lips, Infused With Jojoba Oil, Vegan & Cruelty-free, Strawberry",0,0,0,0,0,1
"Era Organics Microdermabrasion Facial Scrub & Face Exfoliator - Spa Quality Exfoliating Mask with Manuka Honey Walnut Moisturizing Exfoliant for Dry Skin, Blackheads Wrinkles (2 oz)",0,0,0,0,0,1
"2 Pack Portable Extendable Back Scratcher, Kuvvfe Stainless Steel Telescoping Back Scratcher with Beautiful Gift Packaging",0,0,0,0,0,1
"Purple Toothpaste for Teeth Whitening, Purple Toothpaste Whitening, Purple Teeth Whitening, Tooth Stain Removal, Purple Toothpaste, Tooth Colour Corrector, Teeth Whitener, Teeth Whitening Booster",0,0,0,0,0,1
"Amazon Basics Orbit Toothbrushes, Soft, Full, 4 Count, Assorted Colors (Previously Solimo)",0,0,0,0,0,1
"Hicream Dead Sea Mud Mask for Face and Body Spa Quality Pore Reducer for Acne, Blackheads and Oily Skin, Natural Skincare for Women, Men - Tightens Skin for A Healthier Complexion - 8.8 oz",0,0,0,0,0,1
DONGINBI 1899 Single Essence EX 70ml & Cleansing Foam 50ml Special Set - Anti-Aging face essence with Korean Red Ginseng for Radiance and Repair,0,0,0,0,0,1
Organic Aloe Vera Spray for Body & Hair - From Freshly Cut Aloe Plant - Extra Strong - Easy to Apply - No Thickeners So It Absorbs Rapidly With No Sticky Residue - Made in USA (Big 12 fl oz),0,0,0,0,0,1
"BIC Soleil Smooth Colors Women's Disposable Razors With Aloe Vera and vitamin E Lubricating Strip for Enhanced Glide, With 3 Blades, 10 Count",0,0,0,0,0,1
"Gillette Fusion ProGlide Razors, Men 1 Gillette Razor, 4 Razor Blade Refills, Shields Against Skin Irritation",0,0,0,0,0,1
"KAHI Wrinkle Bounce Water Full Perfecting Hydrating Face Mask Skin Care | Hyaluronic Acid Face Mask Korean Sheet Mask | Brightening Face Masks Beauty Glass Skin Korean Skincare (6EA, 1.23 oz)",0,0,0,0,0,1
"Peach Perfect Vaginal Multivitamin for Women pH Balance with Prebiotics & Lactobacillus Probiotic Blend - Women's Vaginal Probiotics - Promote Healthy Vaginal Odor & Vaginal Flora, 30 Servings",0,0,0,0,0,1
"Dove Irritation Care Body Wash For Sensitive Skin and Eczema-Prone Skin Fragrance Free and Sulfate Free Ultra-Moisturizing for Dry, Itchy Skin 22 oz",0,0,0,0,0,1
"Kent Combs for Men Beard Comb Set, Pocket Comb Beard Kit for Men for Travel and Home Care, Mustache Comb for Men, Mini Comb Beard Combs for Mens Grooming, Handmade Kent Comb Mens Beard Grooming Set",0,0,0,0,0,1
"Collagen Peptide Serum for Face with Hyaluronic Acid & Amino Acids - Firming Collagen Serum for Face to Reduce Wrinkles, Even Skin Tone & Texture - Organic Collagen Face Serum for Radiant Skin",0,0,0,0,0,1
"Colossal Pedicure Rasp Foot File, Professional Foot Care Pedicure Stainless Steel File to Removes Hard Skin, Can Be Used On Both Dry and Wet Feet",0,0,0,0,0,1
It's Skin Peptide Collagen Serum 1.35 fl oz| Fine Lines and Wrinkles Serum | Organic Skin Care & Hydrating Serum for Face | Collagen Firming Serum for Dry Skin | Korean Skin Care Collagen Face Serum,0,0,0,0,0,1
PMD Personal Microderm Pro - At-Home Microdermabrasion Machine with Kit for Face & Body - Exfoliating Crystals and Vacuum Suction for Fresh and Radiant Skin - High & Low Speed Options,,,,,,
end,,,,,,